prefName,Label,3,4,5,6,7,8,9,10,11,12,13,14,15,16,17,18,19,20,21,22,23,24,25,26,27,28,29,30,31,32,33,34,35,36,37,38,39,40,41,42,43,44,45,46,47,48,49,50,51,52,53,54,55,56,57,58,59,60,61,62,63,64,65,66,67,68,69,70,71,72,73,74,75,76,77,78,79,80,81
schema:Accommodation,Accommodation,,,,,,,,,,,,,,,,,,,,,,,,,,,,,,,,,,,,,,,,,,,,,,,,,,,,,,,,,,,,,,,,,,,,,,,,,,,,,,,
schema:AdministrativeArea,Verwaltungsbereich,,,,,,,,,,,,,,,,,,,,,,,,,,,,,,,,,,,,,,,,,,,,,,,,,,,,,,,,,,,,,,,,,,,,,,,,,,,,,,,
schema:Airport,Flughafen,,,,,,,,,,,,,,,,,,,,,,,,,,,,,,,,,,,,,,,,,,,,,,,,,,,,,,,,,,,,,,,,,,,,,,,,,,,,,,,
schema:AmusementPark,Freizeitpark,Funparks,Vergnügungspark,Vergnügungsparks,,,,,,,,,,,,,,,,,,,,,,,,,,,,,,,,,,,,,,,,,,,,,,,,,,,,,,,,,,,,,,,,,,,,,,,,,,,,
schema:Aquarium,Aquarium,,,,,,,,,,,,,,,,,,,,,,,,,,,,,,,,,,,,,,,,,,,,,,,,,,,,,,,,,,,,,,,,,,,,,,,,,,,,,,,
schema:ArtGallery,Kunstgalerie,Kunstgallerie,Gallerie,,,,,,,,,,,,,,,,,,,,,,,,,,,,,,,,,,,,,,,,,,,,,,,,,,,,,,,,,,,,,,,,,,,,,,,,,,,,,
schema:Article,Artikel,,,,,,,,,,,,,,,,,,,,,,,,,,,,,,,,,,,,,,,,,,,,,,,,,,,,,,,,,,,,,,,,,,,,,,,,,,,,,,,
schema:AutoDealer,Autohändler,Autohändler,Autos kaufen,,,,,,,,,,,,,,,,,,,,,,,,,,,,,,,,,,,,,,,,,,,,,,,,,,,,,,,,,,,,,,,,,,,,,,,,,,,,,
schema:AutoRental,Autovermietung,Auto leihen,Auto mieten,Auto rental,Auto vermietung,Autorental,Autoverleih,Autovermietung,Leihauto,Leihwagen,Mietauto,Mietwagen,leihe ich ein Auto,miete ich ein Auto,verleiht Autos,vermietet Autos,,,,,,,,,,,,,,,,,,,,,,,,,,,,,,,,,,,,,,,,,,,,,,,,,,,,,,,,,,,,,,,,
schema:AutomatedTeller,Geldautomat,,,,,,,,,,,,,,,,,,,,,,,,,,,,,,,,,,,,,,,,,,,,,,,,,,,,,,,,,,,,,,,,,,,,,,,,,,,,,,,
schema:AutomotiveBusiness,Automobilgeschäft,,,,,,,,,,,,,,,,,,,,,,,,,,,,,,,,,,,,,,,,,,,,,,,,,,,,,,,,,,,,,,,,,,,,,,,,,,,,,,,
schema:Bakery,Bäckerei,Brot kaufen,Brot zu kaufen,Brötchen,Brötchen kaufen,Brötchen zu kaufen,Bäcker,Bäckerei,Bäckereien,Bäckerladen,Bäckerläden,bekomme ich Brot,bekomme ich Brötchen,gibt es Brot,gibt es Brötchen,kriege ich Brot,kriege ich Brötchen,,,,,,,,,,,,,,,,,,,,,,,,,,,,,,,,,,,,,,,,,,,,,,,,,,,,,,,,,,,,,,,
schema:BankOrCreditUnion,Bank oder Kreditinstitut,Bank- oder Kreditgesellschaft,Bankautomat,Bankautomaten,Banken,Banken/Sparkassen/Bankomaten,Bankfiliale,Bankfilialen,Bankomat,Bankomaten,Geld abheben,Geldautomat,Geldautomaten,Hypo,Raiffeisenbank,Raiffeisenbanken,Raika,Raikas,Sparkasse,Sparkassen,Volksbank,Volksbanken,bank filialen,bekomme ich Geld,,,,,,,,,,,,,,,,,,,,,,,,,,,,,,,,,,,,,,,,,,,,,,,,,,,,,,,,
schema:BarOrPub,Bar oder Pub,Bar oder Pub,Bars,Bier,Bier trinken,Cocktail,Cocktails,Gin Tonic,Hotelbar,Kneipe,Kneipen,Lounge,Lounges,Parties,Party,Party machen,Pub,Pubs,Rum,Wein,Whiskey,ausgehen,feiern,feiern gehen,trinken gehen,,,,,,,,,,,,,,,,,,,,,,,,,,,,,,,,,,,,,,,,,,,,,,,,,,,,,,,
schema:Beach,Strand,,,,,,,,,,,,,,,,,,,,,,,,,,,,,,,,,,,,,,,,,,,,,,,,,,,,,,,,,,,,,,,,,,,,,,,,,,,,,,,
schema:BeautySalon,Kosmetiksalon,Schönheitssalon,,,,,,,,,,,,,,,,,,,,,,,,,,,,,,,,,,,,,,,,,,,,,,,,,,,,,,,,,,,,,,,,,,,,,,,,,,,,,,
schema:BedAndBreakfast,Übernachtung mit Frühstück,Bed & Breakfast,Bed And Breakfast,Bed&Breakfast,Bed-and-Breakfast,Frühstücks Pension,Frühstücks Pensionen,Frühstücks-Pension,Frühstücks-Pensionen,Frühstückspension,Frühstückspensionen,Zimmer mit Frühstuck,,,,,,,,,,,,,,,,,,,,,,,,,,,,,,,,,,,,,,,,,,,,,,,,,,,,,,,,,,,,,,,,,,,,
schema:BikeStore,Fahrradladen,Bike reparieren,Bikeladen,Bikeservice,Bikeservices,Fahrrad Werkstatt,Fahrrad Werkstätte,Fahrrad reparieren,Fahrrad-Werkstatt,Fahrrad-Werkstätte,Fahrradgeschäft,Fahrradladen,Fahrradwerkstatt,Fahrradwerkstätte,Radgeschäft,Radwerkstatt,Radwerkstätte,Velo Laden,Velo Service,Velo Werkstatt,Velo Werkstätte,Velo reparieren,Velo-Werkstatt,Velo-Werkstätte,Velogeschäft,Veloladen,Veloservice,Veloservices,Velowerkstatt,Velowerkstätte,repariert Bike,repariert Bikes,repariert Velos,repariert velo,Radservice,Rad reparieren,Radservice machen,Radservice machen lassen,,,,,,,,,,,,,,,,,,,,,,,,,,,,,,,,,,,,,,,,,,
schema:BlogPosting,Blog Post,,,,,,,,,,,,,,,,,,,,,,,,,,,,,,,,,,,,,,,,,,,,,,,,,,,,,,,,,,,,,,,,,,,,,,,,,,,,,,,
schema:BoatReservation,,,,,,,,,,,,,,,,,,,,,,,,,,,,,,,,,,,,,,,,,,,,,,,,,,,,,,,,,,,,,,,,,,,,,,,,,,,,,,,,
schema:BoatTerminal,,,,,,,,,,,,,,,,,,,,,,,,,,,,,,,,,,,,,,,,,,,,,,,,,,,,,,,,,,,,,,,,,,,,,,,,,,,,,,,,
schema:BodyOfWater,Gewässer,Bergsee,Bergseen,Bäche,Fischgewässer,Fischteich,Fischteiche,Fischwasser,Fluss,Flüsse,Gewässer,Meer,Teich,Teiche,Wasserkörper,Wasserstelle,Wasserstellen,,,,,,,,,,,,,,,,,,,,,,,,,,,,,,,,,,,,,,,,,,,,,,,,,,,,,,,,,,,,,,,
schema:BookStore,Buchladen,Buchgeschäft,Buchgeschäfte,Buchhandlung,Buchhandlung/Zeitschriften,Buchhandlungen,Buchkauf,Bücher kaufen,Bücherkauf,Magazin kaufen,Magazine kaufen,Zeitschriften,Zeitschriften kaufen,Zeitungen kaufen,Zeitungsgeschäft,Zeitungsgeschäfte,,,,,,,,,,,,,,,,,,,,,,,,,,,,,,,,,,,,,,,,,,,,,,,,,,,,,,,,,,,,,,,,
schema:BowlingAlley,Kegelbahn,Bowling,Bowlingcenter,Kegelbahn,Kegelbahnen,Kegeln,,,,,,,,,,,,,,,,,,,,,,,,,,,,,,,,,,,,,,,,,,,,,,,,,,,,,,,,,,,,,,,,,,,,,,,,,,
schema:Brewery,Brauerei,Brauereien,,,,,,,,,,,,,,,,,,,,,,,,,,,,,,,,,,,,,,,,,,,,,,,,,,,,,,,,,,,,,,,,,,,,,,,,,,,,,,
schema:Bridge,Brücke,Bruecken,Brücke,Brücken,Hängebrücke,Hängebrücken,Steg,Stege,,,,,,,,,,,,,,,,,,,,,,,,,,,,,,,,,,,,,,,,,,,,,,,,,,,,,,,,,,,,,,,,,,,,,,,,
schema:BusStation,Busstation,,,,,,,,,,,,,,,,,,,,,,,,,,,,,,,,,,,,,,,,,,,,,,,,,,,,,,,,,,,,,,,,,,,,,,,,,,,,,,,
schema:BusStop,Bushaltestelle,,,,,,,,,,,,,,,,,,,,,,,,,,,,,,,,,,,,,,,,,,,,,,,,,,,,,,,,,,,,,,,,,,,,,,,,,,,,,,,
schema:CafeOrCoffeeShop,Café,Cafe oder Coffee Shop,Cafe-Restaurant,Cafes,Café,Coffe,Coffe Shop,Coffee,Kaffee,Kaffee Haus,Kaffee Häuser,Kaffee trinken,Kaffee-Haus,Kaffee-Häuser,Kaffeehaus,Kaffeehaus/Konditorei,Kaffees,kaffeehäuser,,,,,,,,,,,,,,,,,,,,,,,,,,,,,,,,,,,,,,,,,,,,,,,,,,,,,,,,,,,,,,
schema:Campground,Campingplatz,Camping,Camping Platz,Camping Plätze,Camping-Platz,Camping-Plätze,Campingplatz,Campingplätze,Campings,Lager aufschlagen,Wohnwagen,Wohnwagenabstellplatz,Wohnwägen,Zelt Platz,Zelt Plätze,Zelt aufschlagen,Zelt-Platz,Zelt-Plätze,Zeltplatz,Zeltplätze,biwakieren,campen,kampieren,zelten,,,,,,,,,,,,,,,,,,,,,,,,,,,,,,,,,,,,,,,,,,,,,,,,,,,,,,,,
schema:CampingPitch,Campingplatz,,,,,,,,,,,,,,,,,,,,,,,,,,,,,,,,,,,,,,,,,,,,,,,,,,,,,,,,,,,,,,,,,,,,,,,,,,,,,,,
schema:Casino,Casino,Casino/Spielbank,Spielbank,Spielcasino,,,,,,,,,,,,,,,,,,,,,,,,,,,,,,,,,,,,,,,,,,,,,,,,,,,,,,,,,,,,,,,,,,,,,,,,,,,,
schema:Cemetery,Friedhof,,,,,,,,,,,,,,,,,,,,,,,,,,,,,,,,,,,,,,,,,,,,,,,,,,,,,,,,,,,,,,,,,,,,,,,,,,,,,,,
schema:Church,Kirche,Kapelle,Kapellen,Kirche,Kirchen,,,,,,,,,,,,,,,,,,,,,,,,,,,,,,,,,,,,,,,,,,,,,,,,,,,,,,,,,,,,,,,,,,,,,,,,,,,
schema:City,Stadt,,,,,,,,,,,,,,,,,,,,,,,,,,,,,,,,,,,,,,,,,,,,,,,,,,,,,,,,,,,,,,,,,,,,,,,,,,,,,,,
schema:CityHall,Rathaus,,,,,,,,,,,,,,,,,,,,,,,,,,,,,,,,,,,,,,,,,,,,,,,,,,,,,,,,,,,,,,,,,,,,,,,,,,,,,,,
schema:CivicStructure,Gemeindegebäude,,,,,,,,,,,,,,,,,,,,,,,,,,,,,,,,,,,,,,,,,,,,,,,,,,,,,,,,,,,,,,,,,,,,,,,,,,,,,,,
schema:Class,,,,,,,,,,,,,,,,,,,,,,,,,,,,,,,,,,,,,,,,,,,,,,,,,,,,,,,,,,,,,,,,,,,,,,,,,,,,,,,,
schema:ClothingStore,Bekleidungsgeschäft,Boutique,Boutiquen,Klamotten,Klamotten kaufen,Klamottenladen,Klamottenläden,Kleidergeschäfte,Kleidung,Kleidung kaufen,Kleidungsgeschaeft,Kleidungsgeschäft,Modeboutique,Modeboutiquen,Modegeschäft,Modegeschäfte,Modeladen,Modeläden,Modeshop,Modeshops,kleidung geschaeft,kleidung geschäft,,,,,,,,,,,,,,,,,,,,,,,,,,,,,,,,,,,,,,,,,,,,,,,,,,,,,,,,,,
schema:CourseInstance,,,,,,,,,,,,,,,,,,,,,,,,,,,,,,,,,,,,,,,,,,,,,,,,,,,,,,,,,,,,,,,,,,,,,,,,,,,,,,,,
schema:CreativeWork,,,,,,,,,,,,,,,,,,,,,,,,,,,,,,,,,,,,,,,,,,,,,,,,,,,,,,,,,,,,,,,,,,,,,,,,,,,,,,,,
schema:DaySpa,Kureinrichtung,Day Spas,Day-Spa,Day-Spas,DaySpa,DaySpas,Schönheitsfarm,Spa,Spas,Wellness,wellnessen,,,,,,,,,,,,,,,,,,,,,,,,,,,,,,,,,,,,,,,,,,,,,,,,,,,,,,,,,,,,,,,,,,,,,
schema:EducationalOrganization,Bildungseinrichtung,,,,,,,,,,,,,,,,,,,,,,,,,,,,,,,,,,,,,,,,,,,,,,,,,,,,,,,,,,,,,,,,,,,,,,,,,,,,,,,
schema:EmergencyService,Notdienst,Bereitschaftsdienste,Bergrettung,Notfall Service,Notfall-/Bereitschaftsdienst,Notfalldienst,Notfalldienste,Rettung,Rettung/Rettungsdienste,Rettungsdienst,,,,,,,,,,,,,,,,,,,,,,,,,,,,,,,,,,,,,,,,,,,,,,,,,,,,,,,,,,,,,,,,,,,,,,
schema:EntertainmentBusiness,Unterhaltungsbranche,Vergnügen,,,,,,,,,,,,,,,,,,,,,,,,,,,,,,,,,,,,,,,,,,,,,,,,,,,,,,,,,,,,,,,,,,,,,,,,,,,,,,
schema:Event,Veranstaltung,Events,Feier,Feiern,Fest,Feste,Festival,Festivals,Veranstaltung,Veranstaltungen,vernastaltungen,,,,,,,,,,,,,,,,,,,,,,,,,,,,,,,,,,,,,,,,,,,,,,,,,,,,,,,,,,,,,,,,,,,,,
schema:EventVenue,Veranstaltungsort,,,,,,,,,,,,,,,,,,,,,,,,,,,,,,,,,,,,,,,,,,,,,,,,,,,,,,,,,,,,,,,,,,,,,,,,,,,,,,,
schema:ExerciseGym,Fitnessraum,,,,,,,,,,,,,,,,,,,,,,,,,,,,,,,,,,,,,,,,,,,,,,,,,,,,,,,,,,,,,,,,,,,,,,,,,,,,,,,
schema:FinancialService,Finanzdienstleister,,,,,,,,,,,,,,,,,,,,,,,,,,,,,,,,,,,,,,,,,,,,,,,,,,,,,,,,,,,,,,,,,,,,,,,,,,,,,,,
schema:FoodEstablishment,Speiselokal,Essen,Essensbetrieb,etwas essen,hunger,essen gehen,essen zu gehen,,,,,,,,,,,,,,,,,,,,,,,,,,,,,,,,,,,,,,,,,,,,,,,,,,,,,,,,,,,,,,,,,,,,,,,,,
schema:GasStation,Tankstelle,Tank stelle,Tank stellen,Tanke,Tanksaeule,Tankstelle,Tankstellen,Tanksäule,Tanksäulen,Zapfsaeule,Zapfsäule,Zapfsäulen,tanken,tankstelle,,,,,,,,,,,,,,,,,,,,,,,,,,,,,,,,,,,,,,,,,,,,,,,,,,,,,,,,,,,,,,,,,,
schema:GolfCourse,Golfplatz,Golf,Golfanlage,Golfanlagen,Golfcart,Golfen,Golfplatz,Golfplätze,,,,,,,,,,,,,,,,,,,,,,,,,,,,,,,,,,,,,,,,,,,,,,,,,,,,,,,,,,,,,,,,,,,,,,,,
schema:GovernmentBuilding,Regierungsgebäude,,,,,,,,,,,,,,,,,,,,,,,,,,,,,,,,,,,,,,,,,,,,,,,,,,,,,,,,,,,,,,,,,,,,,,,,,,,,,,,
schema:GroceryStore,Lebensmittelmarkt,Einkaufsmarkt,Essen einkaufen,Essen kaufen,Gemüse,Gemüsegeschäft,Gemüsegeschäfte,Gemüseladen,Gemüseläden,Gemüsemarkt,Gemüsemärkte,Lebensmittel,Lebensmittel einkaufen,Lebensmittel geschaeft,Lebensmittel geschäft,Lebensmittel kaufen,Lebensmittel zu kaufen,Lebensmittelgeschaeft,Lebensmittelgeschäft,Lebensmittelladen,Lebensmittelläden,Obst,Obstgeschäft,Obstgeschäfte,Obstladen,Obstläden,Obstmarkt,Obstmärkte,Obstsalat,Salat,Spar,Sparmarkt,Supermarkt,Supermärkte,Geschäft,Geschäfte,,,,,,,,,,,,,,,,,,,,,,,,,,,,,,,,,,,,,,,,,,,,
schema:HealthAndBeautyBusiness,Gesundheits- und Beautybereich,Beautyeinrichtungen,Gesundheitseinrichtungen,Kosmetikbehandlung,Kosmetikladen,Kosmetiksalon,Schönheitseinrichtungen,Wellness-Einrichtungen,Wellnessangebote,wellness,wellnessen,,,,,,,,,,,,,,,,,,,,,,,,,,,,,,,,,,,,,,,,,,,,,,,,,,,,,,,,,,,,,,,,,,,,,
schema:HealthClub,Fitnesscenter,Fitnessclubs,HealthClub,,,,,,,,,,,,,,,,,,,,,,,,,,,,,,,,,,,,,,,,,,,,,,,,,,,,,,,,,,,,,,,,,,,,,,,,,,,,,
schema:HobbyShop,Hobbygeschäft,,,,,,,,,,,,,,,,,,,,,,,,,,,,,,,,,,,,,,,,,,,,,,,,,,,,,,,,,,,,,,,,,,,,,,,,,,,,,,,
schema:Hospital,Krankenhaus,Hospital,Hospitäler,Klinik,Kliniken,Klinikum,Klink/Krankenhaus,Krankenhaus,Krankenhäuser,Notaufnahme,Spital,Spitäler,Verletzung behandeln,Verletzungen behandelt,,,,,,,,,,,,,,,,,,,,,,,,,,,,,,,,,,,,,,,,,,,,,,,,,,,,,,,,,,,,,,,,,,
schema:Hostel,Herberge,Ferienwohnheime,Hostel,Wohnheim,Wohnheime,hostels,,,,,,,,,,,,,,,,,,,,,,,,,,,,,,,,,,,,,,,,,,,,,,,,,,,,,,,,,,,,,,,,,,,,,,,,,,
schema:Hotel,Hotel,Hotelanbieter,Hotels,,,,,,,,,,,,,,,,,,,,,,,,,,,,,,,,,,,,,,,,,,,,,,,,,,,,,,,,,,,,,,,,,,,,,,,,,,,,,
schema:HotelRoom,,,,,,,,,,,,,,,,,,,,,,,,,,,,,,,,,,,,,,,,,,,,,,,,,,,,,,,,,,,,,,,,,,,,,,,,,,,,,,,,
schema:House,,Häuser,,,,,,,,,,,,,,,,,,,,,,,,,,,,,,,,,,,,,,,,,,,,,,,,,,,,,,,,,,,,,,,,,,,,,,,,,,,,,,
schema:Intangible,,,,,,,,,,,,,,,,,,,,,,,,,,,,,,,,,,,,,,,,,,,,,,,,,,,,,,,,,,,,,,,,,,,,,,,,,,,,,,,,
schema:LakeBodyOfWater,See,Seen,Stausee,Stauseen,,,,,,,,,,,,,,,,,,,,,,,,,,,,,,,,,,,,,,,,,,,,,,,,,,,,,,,,,,,,,,,,,,,,,,,,,,,,
schema:Landform,Landform,Landschaften,Landschaftsform,Landschaftsformen,,,,,,,,,,,,,,,,,,,,,,,,,,,,,,,,,,,,,,,,,,,,,,,,,,,,,,,,,,,,,,,,,,,,,,,,,,,,
schema:LandmarksOrHistoricalBuildings,Wahrzeichen oder historisches Bauwerk,historische Gebäude,historisches Gebäude,,,,,,,,,,,,,,,,,,,,,,,,,,,,,,,,,,,,,,,,,,,,,,,,,,,,,,,,,,,,,,,,,,,,,,,,,,,,,
schema:Library,Bibliothek,Bibliotheken,Buecherei,Buechereien,,,,,,,,,,,,,,,,,,,,,,,,,,,,,,,,,,,,,,,,,,,,,,,,,,,,,,,,,,,,,,,,,,,,,,,,,,,,
schema:LiquorStore,Sprituosenladen,Schnapsläden,Spirituosen,Spirituosen Geschäft,Spirituosen Geschäfte,Spirituosen Laden,Spirituosen Läden,Spirituosen-Geschäft,Spirituosen-Geschäfte,Spirituosen-Laden,Spirituosen-Läden,Spirituosengeschäft,Spirituosengeschäfte,Spirituosenladen,Spirituosenläden,,,,,,,,,,,,,,,,,,,,,,,,,,,,,,,,,,,,,,,,,,,,,,,,,,,,,,,,,,,,,,,,,
schema:LocalBusiness,Unternehmen,Betrieb,Betriebe,LocalBusiness,Unternehmen,,,,,,,,,,,,,,,,,,,,,,,,,,,,,,,,,,,,,,,,,,,,,,,,,,,,,,,,,,,,,,,,,,,,,,,,,,,
schema:LodgingBusiness,Unterkunft,Beherbergungsbetriebe,Beherbergungsunternehmen,Herberge,Herbergen,Platz zum schlafen,Unterkunft,Unterkünfte,Unterkünften,Vermieter,Zimmer,schlafen,uebernachten,Übernachtungsmöglichkeit,Übernachtungsmöglichkeiten,übernachten,,,,,,,,,,,,,,,,,,,,,,,,,,,,,,,,,,,,,,,,,,,,,,,,,,,,,,,,,,,,,,,,
schema:MediacalBusiness,,,,,,,,,,,,,,,,,,,,,,,,,,,,,,,,,,,,,,,,,,,,,,,,,,,,,,,,,,,,,,,,,,,,,,,,,,,,,,,,
schema:MedicalBusiness,Medizinisches Geschäft,,,,,,,,,,,,,,,,,,,,,,,,,,,,,,,,,,,,,,,,,,,,,,,,,,,,,,,,,,,,,,,,,,,,,,,,,,,,,,,
schema:MedicalOrganization,Medizinische Organisation,,,,,,,,,,,,,,,,,,,,,,,,,,,,,,,,,,,,,,,,,,,,,,,,,,,,,,,,,,,,,,,,,,,,,,,,,,,,,,,
schema:MensClothingStore,Herrenbekleidungsgeschäft,Bekleidungsgeschäft für Männer,Herrenkleidungsgeschäft,Herrenkleidungsgeschäfte,Herrenmode,Männerkleidungsgeschäft,Männerkleidungsgeschäfte,Männermode,,,,,,,,,,,,,,,,,,,,,,,,,,,,,,,,,,,,,,,,,,,,,,,,,,,,,,,,,,,,,,,,,,,,,,,,
schema:MovieTheater,Kino,Kino-Film,Kino-Filme,Kinofilm,Kinofilme,Kinos,Silent Cinema,,,,,,,,,,,,,,,,,,,,,,,,,,,,,,,,,,,,,,,,,,,,,,,,,,,,,,,,,,,,,,,,,,,,,,,,,
schema:Museum,Museum,Ausstellungen,Museen,Museum,,,,,,,,,,,,,,,,,,,,,,,,,,,,,,,,,,,,,,,,,,,,,,,,,,,,,,,,,,,,,,,,,,,,,,,,,,,,
schema:MusicStore,Musikladen,Instrument reparieren,Instrumentengeschäft,Instrumentenladen,Musik kaufen,Musikgeschäft,Musikladen,Musikshop,,,,,,,,,,,,,,,,,,,,,,,,,,,,,,,,,,,,,,,,,,,,,,,,,,,,,,,,,,,,,,,,,,,,,,,,
schema:NightClub,Nachtclub,Clubs,Disco,Discos,Discothek,Discotheken,Disko,Diskos,Diskothek,Diskotheken,Nachtclub,Nachtclubs,Party machen,Tanzlokal,Tanzlokale,ausgehen,feier gehen,feiern,nightclub,tanzen,tanzen gehen,,,,,,,,,,,,,,,,,,,,,,,,,,,,,,,,,,,,,,,,,,,,,,,,,,,,,,,,,,,
schema:Organization,Organisation,,,,,,,,,,,,,,,,,,,,,,,,,,,,,,,,,,,,,,,,,,,,,,,,,,,,,,,,,,,,,,,,,,,,,,,,,,,,,,,
schema:Park,Park,,,,,,,,,,,,,,,,,,,,,,,,,,,,,,,,,,,,,,,,,,,,,,,,,,,,,,,,,,,,,,,,,,,,,,,,,,,,,,,
schema:ParkingFacility,Parkplatz,Garagen,Parkgarage,Parkgaragen,Parkhaus,Parkhäuser,Parkplatz,Parkplätze,parken,,,,,,,,,,,,,,,,,,,,,,,,,,,,,,,,,,,,,,,,,,,,,,,,,,,,,,,,,,,,,,,,,,,,,,,
schema:PerformingArtsTheater,,,,,,,,,,,,,,,,,,,,,,,,,,,,,,,,,,,,,,,,,,,,,,,,,,,,,,,,,,,,,,,,,,,,,,,,,,,,,,,,
schema:PerformingGroup,,,,,,,,,,,,,,,,,,,,,,,,,,,,,,,,,,,,,,,,,,,,,,,,,,,,,,,,,,,,,,,,,,,,,,,,,,,,,,,,
schema:Person,Person,,,,,,,,,,,,,,,,,,,,,,,,,,,,,,,,,,,,,,,,,,,,,,,,,,,,,,,,,,,,,,,,,,,,,,,,,,,,,,,
schema:Pharmacy,Apotheke,Apotheken,Medikament,Medikamente,Pharmazie,,,,,,,,,,,,,,,,,,,,,,,,,,,,,,,,,,,,,,,,,,,,,,,,,,,,,,,,,,,,,,,,,,,,,,,,,,,
schema:Physiotherapy,,,,,,,,,,,,,,,,,,,,,,,,,,,,,,,,,,,,,,,,,,,,,,,,,,,,,,,,,,,,,,,,,,,,,,,,,,,,,,,,
schema:Place,Ort,Orte,Place,Platz,Plätze,,,,,,,,,,,,,,,,,,,,,,,,,,,,,,,,,,,,,,,,,,,,,,,,,,,,,,,,,,,,,,,,,,,,,,,,,,,
schema:PlaceOfWorship,Gotteshaus,Gottesdienst,Gottesdienste,Katholische,Kloester,Kloster,Klöster,Neuapostolische,Sonntagsmesse,Stifte,evangelischen Gottesdienst,,,,,,,,,,,,,,,,,,,,,,,,,,,,,,,,,,,,,,,,,,,,,,,,,,,,,,,,,,,,,,,,,,,,,
schema:Playground,Spielplatz,Kinderspielplätze,Rutsche,Rutschen,Schaukel,Schaukeln,Spielpark,Spielparks,Spielplatz,Spielplätze,schaukeln,,,,,,,,,,,,,,,,,,,,,,,,,,,,,,,,,,,,,,,,,,,,,,,,,,,,,,,,,,,,,,,,,,,,,
schema:PublicSwimmingPool,Öffentliches Schwimmbad,Baeder,Becken,Bäder,Pool,Schwimmbad,Schwimmbaeder,Schwimmbecken,Schwimmbäder,Swimming Pool,schwimmen,schwimmen gehen,öffentlicher Swimming Pool,,,,,,,,,,,,,,,,,,,,,,,,,,,,,,,,,,,,,,,,,,,,,,,,,,,,,,,,,,,,,,,,,,,
schema:PublicToilet,Öffentliche Toilette,Aborte,Klo,Klos,Klosett,Klosetts,Toilet,Toilette,Toiletten,WC,WCs,öffenentliche Toiletten,öffentliche Abort,öffentliche Aborte,öffentliche Klo,öffentliche Klos,öffentliche Klosett,öffentliche Klosetts,öffentliche Toilette,öffentliche Toiletten,öffentliche WC,öffentliche WCs,öffentliches WC,,,,,,,,,,,,,,,,,,,,,,,,,,,,,,,,,,,,,,,,,,,,,,,,,,,,,,,,,
schema:RVPark,,,,,,,,,,,,,,,,,,,,,,,,,,,,,,,,,,,,,,,,,,,,,,,,,,,,,,,,,,,,,,,,,,,,,,,,,,,,,,,,
schema:Reservation,Reservierung,,,,,,,,,,,,,,,,,,,,,,,,,,,,,,,,,,,,,,,,,,,,,,,,,,,,,,,,,,,,,,,,,,,,,,,,,,,,,,,
schema:Reservoir,Stausee,Grundwasserschutzgebiete,Reservoir,Reservoirs,Wasserkraftwerk,Wasserkraftwerke,Wasserreserve,Wasserreserven,Wasserschutzgebiet,Wasserschutzgebiete,,,,,,,,,,,,,,,,,,,,,,,,,,,,,,,,,,,,,,,,,,,,,,,,,,,,,,,,,,,,,,,,,,,,,,
schema:Restaurant,Restaurant,Essen,Gasthaus,Gasthäuser,Gastro,Gastronomie,Gastronomieinfrastruktur,Gastros,Gaststätte,Gaststätten,Gourmetrestaurant,Klassifiziertes Gourmetrestaurant,Restaurant,Restaurants,Schnitzel,Schnitzl,Speiselokal,Speiselokale,warm essen,warme Kueche,warme Küche,warmem Essen,warmen Essen,warmen Kueche,warmen Küche,warmer Kueche,warmer Küche,warmes Essen,,,,,,,,,,,,,,,,,,,,,,,,,,,,,,,,,,,,,,,,,,,,,,,,,,,,
schema:RiverBodyOfWater,Fluss,,,,,,,,,,,,,,,,,,,,,,,,,,,,,,,,,,,,,,,,,,,,,,,,,,,,,,,,,,,,,,,,,,,,,,,,,,,,,,,
schema:Room,Zimmer,,,,,,,,,,,,,,,,,,,,,,,,,,,,,,,,,,,,,,,,,,,,,,,,,,,,,,,,,,,,,,,,,,,,,,,,,,,,,,,
schema:School,Schule,,,,,,,,,,,,,,,,,,,,,,,,,,,,,,,,,,,,,,,,,,,,,,,,,,,,,,,,,,,,,,,,,,,,,,,,,,,,,,,
schema:ShoppingCenter,Einkaufszentrum,Einkaufscenter,Einkaufszentren,Einkaufszentrum,,,,,,,,,,,,,,,,,,,,,,,,,,,,,,,,,,,,,,,,,,,,,,,,,,,,,,,,,,,,,,,,,,,,,,,,,,,,
schema:SocialEvent,Soziale Veranstaltung,Gesellschaftliche Events,Gesellschaftliche Veranstaltung,Gesellschaftliche Veranstaltungen,Gesellschaftliches Ereignis,Gesellschaftliches Event,Soziale Events,Soziale Veranstaltung,Soziale Veranstaltungen,Soziales Event,,,,,,,,,,,,,,,,,,,,,,,,,,,,,,,,,,,,,,,,,,,,,,,,,,,,,,,,,,,,,,,,,,,,,,
schema:SocialMediaPosting,Social Media Post,,,,,,,,,,,,,,,,,,,,,,,,,,,,,,,,,,,,,,,,,,,,,,,,,,,,,,,,,,,,,,,,,,,,,,,,,,,,,,,
schema:SportsActivityLocation,Sportanlage,Freizeitanlage,Freizeitanlgaen,Freizeitpark,Freizeitparks,Sport,Sport machen,Sportanbieter,Sportanlage,Sportanlagen,Sportinfrastruktur,Sportplatz,Sportplätze,SportsActivityLocation,sporteln,,,,,,,,,,,,,,,,,,,,,,,,,,,,,,,,,,,,,,,,,,,,,,,,,,,,,,,,,,,,,,,,,
schema:SportsEvent,SportsEvent,Event für Sport,Event zum Sport,Event zum sporteln,Events Sport,Events für Sport,Events zum Sport,Events zum sporteln,Sport Event,Sport Events,Sport Feier,Sport Feiern,Sport Fest,Sport Feste,Sport Veranstaltung,Sport Veranstaltungen,Sport-Event,Sport-Events,Sport-Feier,Sport-Feiern,Sport-Fest,Sport-Feste,Sport-Veranstaltung,Sport-Veranstaltungen,Sportevent,Sportevents,Sportfeier,Sportfeiern,Sportfest,Sportfeste,Sportliche Events,Sportliche Fest,Sportliche Festen,Sportliche Veranstaltung,Sportliche Veranstaltungen,Sportlichen Event,Sportlichen Events,Sportlichen Fest,Sportlichen Festen,Sportlichen Veranstaltung,Sportlichen Veranstaltungen,Sportliches Event,Sportliches Fest,Sportveranstaltung,Sportveranstaltungen,Veranstaltung Sport,Veranstaltung für Sport,Veranstaltung zum Sport,Veranstaltung zum sporteln,Veranstaltungen Sport,Veranstaltungen für Sport,Veranstaltungen zum Sport,Veranstaltungen zum sporteln,zum Sport machen,zum Sporteln,,,,,,,,,,,,,,,,,,,,,,,,,
schema:SportsOrganization,,,,,,,,,,,,,,,,,,,,,,,,,,,,,,,,,,,,,,,,,,,,,,,,,,,,,,,,,,,,,,,,,,,,,,,,,,,,,,,,
schema:StadiumOrArena,Stadion oder Arena,Stadion,,,,,,,,,,,,,,,,,,,,,,,,,,,,,,,,,,,,,,,,,,,,,,,,,,,,,,,,,,,,,,,,,,,,,,,,,,,,,,
schema:Store,Geschäft,Einkaufsinfrastruktur,Einkaufsmöglichkeit,Einkaufsmöglichkeiten,Kaufgeschäft,Kaufgeschäfte,Laden,Lebensmittel-Grosshändler,Läden,Shop,Shops,shoppen,,,,,,,,,,,,,,,,,,,,,,,,,,,,,,,,,,,,,,,,,,,,,,,,,,,,,,,,,,,,,,,,,,,,
schema:TaxiStand,,,,,,,,,,,,,,,,,,,,,,,,,,,,,,,,,,,,,,,,,,,,,,,,,,,,,,,,,,,,,,,,,,,,,,,,,,,,,,,,
schema:TheaterEvent,Theaterveranstaltung,Event für Theater,Event zum Theater,Events Theater,Events für Theater,Events zum Theater,Theater Event,Theater Events,Theater Veranstaltung,Theater Veranstaltungen,Theater-Event,Theater-Events,Theater-Veranstaltung,Theater-Veranstaltungen,Theaterevent,Theaterevents,Theaterveranstaltung,Theaterveranstaltungen,Veranstaltung Theater,Veranstaltung für Theater,Veranstaltung zum Theater,Veranstaltungen Theater,Veranstaltungen für Theater,Veranstaltungen zum Theater,,,,,,,,,,,,,,,,,,,,,,,,,,,,,,,,,,,,,,,,,,,,,,,,,,,,,,,,
schema:Thing,,,,,,,,,,,,,,,,,,,,,,,,,,,,,,,,,,,,,,,,,,,,,,,,,,,,,,,,,,,,,,,,,,,,,,,,,,,,,,,,
schema:TouristAttraction,Touristenattraktion,Attraktionen,Sehenswürdigkeit,Sehenswürdigkeiten,Tourismusattraktion,TouristAttraction,Touristen Attraktion,Touristen-Attraktion,TouristenAttraktion,Touristenattraktionen,,,,,,,,,,,,,,,,,,,,,,,,,,,,,,,,,,,,,,,,,,,,,,,,,,,,,,,,,,,,,,,,,,,,,,
schema:TouristDestination,Touristdestination,,,,,,,,,,,,,,,,,,,,,,,,,,,,,,,,,,,,,,,,,,,,,,,,,,,,,,,,,,,,,,,,,,,,,,,,,,,,,,,
schema:TouristInformationCenter,Touristeninformationszentrum,Auskunftsbüros,Fremdenverkehrsamt,Gästeinformation,Infobüro,Infobüros,Informationbüro,Informationbüros,Informationsbüro,Informationsbüros,Tour Infos,Touri Info,Touriinfo,Tourismus Büro,Tourismus Büros,Tourismus Information,Tourismus Informationen,Tourismusbüro,Tourismusbüros,Tourismusinformation,Tourismusinformationsbüro,Tourismusinformationsbüros,Tourist Information,Tourist Informations,Touristenbüro,Touristenbüros,Touristeninfo,Touristeninformation,Touristeninformationen,Touristinfo,Touristinformation,Touristinformationen,Touristinformationsbüro,Touristinformationsbüros,Touristinfos,Verkehrsbüro,Verkehrsbüros,,,,,,,,,,,,,,,,,,,,,,,,,,,,,,,,,,,,,,,,,,,
schema:TrainStation,Bahnhof,,,,,,,,,,,,,,,,,,,,,,,,,,,,,,,,,,,,,,,,,,,,,,,,,,,,,,,,,,,,,,,,,,,,,,,,,,,,,,,
schema:TransportationStop,Haltestelle,,,,,,,,,,,,,,,,,,,,,,,,,,,,,,,,,,,,,,,,,,,,,,,,,,,,,,,,,,,,,,,,,,,,,,,,,,,,,,,
schema:Trip,Reise,,,,,,,,,,,,,,,,,,,,,,,,,,,,,,,,,,,,,,,,,,,,,,,,,,,,,,,,,,,,,,,,,,,,,,,,,,,,,,,
schema:Winery,Weinkellerei,Weinkeller,Weinkellerei,wein trinken,guten wein trinken,einen guten wein trinken,,,,,,,,,,,,,,,,,,,,,,,,,,,,,,,,,,,,,,,,,,,,,,,,,,,,,,,,,,,,,,,,,,,,,,,,,,
schema:Zoo,Zoo,Tierparks,Wildpark,Wilparks,Zoo,Zoos,,,,,,,,,,,,,,,,,,,,,,,,,,,,,,,,,,,,,,,,,,,,,,,,,,,,,,,,,,,,,,,,,,,,,,,,,,
